{"cameraMode":{"drawMode":0,"name":"Shaded","section":"Shading Mode"},"sceneLighting":true,"audioPlay":false,"sceneViewState":{"m_AlwaysRefresh":false,"showFog":true,"showSkybox":true,"showFlares":true,"showImageEffects":true,"showParticleSystems":true,"showVisualEffectGraphs":true,"m_FxEnabled":true},"in2DMode":false,"pivot":{"x":1.3235851526260377,"y":-0.9628063440322876,"z":8.10053825378418},"rotation":{"x":0.13763684034347535,"y":-0.05760147422552109,"z":0.008017619140446186,"w":0.9887778162956238},"size":5.344541549682617,"orthographic":false}